model,auc,sensitivity,specificity,threshold
logreg,0.8958333333333334,1.0,0.75,0.09812567246645687
stacking,0.8125,0.75,0.9166666666666666,0.2218658346188156
rf,0.8125,0.75,0.9166666666666666,0.10629960317460321
xgb,0.7395833333333334,0.75,0.9166666666666666,0.11769042164087296
svc,0.6875,0.75,0.8333333333333334,0.1689900984791422
