rsf,coxph
0.0008522018105352469,0.029420303483462473
0.062298747632880236,0.11487737407387144
0.011931974714989746,0.0779552135485243
0.027826494765220255,0.05774493592604668
0.0397599430821306,0.08199292472400155
0.06284335379391037,0.053900359321690794
0.7252283843553933,0.4355734834238627
0.043849590807786276,0.038592368947006905
0.03822839814059931,0.11018003126426856
0.028856570014674898,0.03979200718216669
0.015006892320118204,0.08409181867087667
0.06380128431226106,0.11525508119619243
