rsf,coxph
0.0024115887837152204,0.20188921868273532
0.11625600903575647,0.20188921868273532
0.012286111141455924,0.20188921868273532
0.0994856410023753,0.20188921868273532
0.11672670218079349,0.20188921868273532
0.11591450256859169,0.20188921868273532
1.6987553583761938,0.20188921868273532
0.21633977248333328,0.20188921868273532
0.08561096755383185,0.20188921868273532
0.05101294939682418,0.20188921868273532
0.05085455913594824,0.20188921868273532
0.08360991946897262,0.20188921868273532
